"","Package","LibPath","Version","Priority","Depends","Imports","LinkingTo","Suggests","Enhances","License","License_is_FOSS","License_restricts_use","OS_type","MD5sum","NeedsCompilation","Built"
"anytime","anytime","C:/Users/porte/OneDrive/Documents/trump_stock/packrat/lib/x86_64-w64-mingw32/4.0.0","0.3.7",NA,"R (>= 3.2.0)","Rcpp (>= 0.12.9)","Rcpp (>= 0.12.9), BH","tinytest (>= 1.0.0), gettz",NA,"GPL (>= 2)",NA,NA,NA,NA,"yes","4.0.0"
"askpass","askpass","C:/Users/porte/OneDrive/Documents/trump_stock/packrat/lib/x86_64-w64-mingw32/4.0.0","1.1",NA,NA,"sys (>= 2.1)",NA,"testthat",NA,"MIT + file LICENSE",NA,NA,NA,NA,"yes","4.0.0"
"assertthat","assertthat","C:/Users/porte/OneDrive/Documents/trump_stock/packrat/lib/x86_64-w64-mingw32/4.0.0","0.2.1",NA,NA,"tools",NA,"testthat, covr",NA,"GPL-3",NA,NA,NA,NA,"no","4.0.0"
"backports","backports","C:/Users/porte/OneDrive/Documents/trump_stock/packrat/lib/x86_64-w64-mingw32/4.0.0","1.1.6",NA,"R (>= 3.0.0)","utils",NA,NA,NA,"GPL-2 | GPL-3",NA,NA,NA,NA,"yes","4.0.0"
"base64enc","base64enc","C:/Users/porte/OneDrive/Documents/trump_stock/packrat/lib/x86_64-w64-mingw32/4.0.0","0.1-3",NA,"R (>= 2.9.0)",NA,NA,NA,"png","GPL-2 | GPL-3",NA,NA,NA,NA,"yes","4.0.0"
"BH","BH","C:/Users/porte/OneDrive/Documents/trump_stock/packrat/lib/x86_64-w64-mingw32/4.0.0","1.72.0-3",NA,NA,NA,NA,NA,NA,"BSL-1.0",NA,NA,NA,NA,"no","4.0.0"
"blotter","blotter","C:/Users/porte/OneDrive/Documents/trump_stock/packrat/lib/x86_64-w64-mingw32/4.0.0","0.14.8",NA,"R (>= 3.0.0), xts (>= 0.10-0), FinancialInstrument(>= 0.6.3),
PerformanceAnalytics, quantmod","zoo, TTR, graphics, methods, stats, utils, boot, foreach",NA,"Hmisc, RUnit,",NA,"GPL-3",NA,NA,NA,NA,"yes","4.0.0"
"brew","brew","C:/Users/porte/OneDrive/Documents/trump_stock/packrat/lib/x86_64-w64-mingw32/4.0.0","1.0-6",NA,NA,NA,NA,NA,NA,"GPL-2",NA,NA,NA,NA,NA,"4.0.0"
"broom","broom","C:/Users/porte/OneDrive/Documents/trump_stock/packrat/lib/x86_64-w64-mingw32/4.0.0","0.5.6",NA,"R (>= 3.1)","backports, dplyr, generics (>= 0.0.2), methods, nlme, purrr,
reshape2, stringr, tibble (>= 3.0.0), tidyr",NA,"AER, akima, AUC, bbmle, betareg, biglm, binGroup, boot, brms,
btergm, car, caret, coda, covr, e1071, emmeans, ergm, gam (>=
1.15), gamlss, gamlss.data, gamlss.dist, geepack, ggplot2,
glmnet, gmm, Hmisc, irlba, Kendall, knitr, ks, Lahman, lavaan,
lfe, lme4, lmodel2, lmtest, lsmeans, maps, maptools, MASS,
Matrix, mclust, mgcv, muhaz, multcomp, network, nnet, orcutt
(>= 2.2), ordinal, plm, plyr, poLCA, psych, quantreg, rgeos,
rmarkdown, rsample, rstan, rstanarm, sp, speedglm,
statnet.common, survey, survival, testthat, tseries, zoo",NA,"MIT + file LICENSE",NA,NA,NA,NA,"no","4.0.0"
"callr","callr","C:/Users/porte/OneDrive/Documents/trump_stock/packrat/lib/x86_64-w64-mingw32/4.0.0","3.4.3",NA,NA,"processx (>= 3.4.0), R6, utils",NA,"cliapp, covr, crayon, fansi, pingr, ps, rprojroot, spelling,
testthat, tibble, withr",NA,"MIT + file LICENSE",NA,NA,NA,NA,"no","4.0.0"
"caret","caret","C:/Users/porte/OneDrive/Documents/trump_stock/packrat/lib/x86_64-w64-mingw32/4.0.0","6.0-86",NA,"R (>= 3.2.0), lattice (>= 0.20), ggplot2","foreach, methods, plyr, ModelMetrics (>= 1.2.2.2), nlme,
reshape2, stats, stats4, utils, grDevices, recipes (>= 0.1.10),
withr (>= 2.0.0), pROC,",NA,"BradleyTerry2, e1071, earth (>= 2.2-3), fastICA, gam (>=
1.15), ipred, kernlab, knitr, klaR, MASS, ellipse, mda, mgcv,
mlbench, MLmetrics, nnet, party (>= 0.9-99992), pls, proxy,
randomForest, RANN, spls, subselect, pamr, superpc, Cubist,
testthat (>= 0.9.1), rpart, dplyr, covr",NA,"GPL (>= 2)",NA,NA,NA,NA,"yes","4.0.0"
"cellranger","cellranger","C:/Users/porte/OneDrive/Documents/trump_stock/packrat/lib/x86_64-w64-mingw32/4.0.0","1.1.0",NA,"R (>= 3.0.0)","rematch, tibble",NA,"covr, testthat (>= 1.0.0), knitr, rmarkdown",NA,"MIT + file LICENSE",NA,NA,NA,NA,"no","4.0.0"
"checkmate","checkmate","C:/Users/porte/OneDrive/Documents/trump_stock/packrat/lib/x86_64-w64-mingw32/4.0.0","2.0.0",NA,"R (>= 3.0.0)","backports (>= 1.1.0), utils",NA,"R6, fastmatch, data.table (>= 1.9.8), devtools, ggplot2,
knitr, magrittr, microbenchmark, rmarkdown, testthat (>=
0.11.0), tinytest (>= 1.1.0), tibble",NA,"BSD_3_clause + file LICENSE",NA,NA,NA,NA,"yes","4.0.0"
"cli","cli","C:/Users/porte/OneDrive/Documents/trump_stock/packrat/lib/x86_64-w64-mingw32/4.0.0","2.0.2",NA,"R (>= 2.10)","assertthat, crayon (>= 1.3.4), glue, methods, utils, fansi",NA,"callr, covr, htmlwidgets, knitr, mockery, rmarkdown,
rstudioapi, prettycode (>= 1.1.0), testthat, withr",NA,"MIT + file LICENSE",NA,NA,NA,NA,"no","4.0.0"
"clipr","clipr","C:/Users/porte/OneDrive/Documents/trump_stock/packrat/lib/x86_64-w64-mingw32/4.0.0","0.7.0",NA,NA,"utils",NA,"covr, knitr, rmarkdown, rstudioapi (>= 0.5), testthat (>=
2.0.0)",NA,"GPL-3",NA,NA,NA,NA,"no","4.0.0"
"colorspace","colorspace","C:/Users/porte/OneDrive/Documents/trump_stock/packrat/lib/x86_64-w64-mingw32/4.0.0","1.4-1",NA,"R (>= 3.0.0), methods","graphics, grDevices, stats",NA,"datasets, utils, KernSmooth, MASS, kernlab, mvtnorm, vcd,
tcltk, shiny, shinyjs, ggplot2, dplyr, scales, grid, png, jpeg,
knitr, rmarkdown, RColorBrewer, rcartocolor, scico, viridis,
wesanderson",NA,"BSD_3_clause + file LICENSE",NA,NA,NA,NA,"yes","4.0.0"
"commonmark","commonmark","C:/Users/porte/OneDrive/Documents/trump_stock/packrat/lib/x86_64-w64-mingw32/4.0.0","1.7",NA,NA,NA,NA,"curl, testthat, xml2",NA,"BSD_2_clause + file LICENSE",NA,NA,NA,NA,"yes","4.0.0"
"covr","covr","C:/Users/porte/OneDrive/Documents/trump_stock/packrat/lib/x86_64-w64-mingw32/4.0.0","3.5.0",NA,"R (>= 3.1.0), methods","digest, stats, utils, jsonlite, rex, httr, crayon, withr (>=
1.0.2), yaml",NA,"R6, knitr, rmarkdown, htmltools, DT (>= 0.2), testthat,
rlang, rstudioapi (>= 0.2), xml2 (>= 1.0.0), parallel, memoise,
mockery",NA,"GPL-3",NA,NA,NA,NA,"yes","4.0.0"
"crayon","crayon","C:/Users/porte/OneDrive/Documents/trump_stock/packrat/lib/x86_64-w64-mingw32/4.0.0","1.3.4",NA,NA,"grDevices, methods, utils",NA,"mockery, rstudioapi, testthat, withr",NA,"MIT + file LICENSE",NA,NA,NA,NA,"no","4.0.0"
"crosstalk","crosstalk","C:/Users/porte/OneDrive/Documents/trump_stock/packrat/lib/x86_64-w64-mingw32/4.0.0","1.1.0.1",NA,NA,"htmltools (>= 0.3.6), jsonlite, lazyeval, R6",NA,"shiny, ggplot2, testthat (>= 2.1.0)",NA,"MIT + file LICENSE",NA,NA,NA,NA,"no","4.0.0"
"curl","curl","C:/Users/porte/OneDrive/Documents/trump_stock/packrat/lib/x86_64-w64-mingw32/4.0.0","4.3",NA,"R (>= 3.0.0)",NA,NA,"spelling, testthat (>= 1.0.0), knitr, jsonlite, rmarkdown,
magrittr, httpuv (>= 1.4.4), webutils",NA,"MIT + file LICENSE",NA,NA,NA,NA,"yes","4.0.0"
"data.table","data.table","C:/Users/porte/OneDrive/Documents/trump_stock/packrat/lib/x86_64-w64-mingw32/4.0.0","1.12.8",NA,"R (>= 3.1.0)","methods",NA,"bit64, curl, R.utils, knitr, xts, nanotime, zoo, yaml",NA,"MPL-2.0 | file LICENSE",NA,NA,NA,NA,"yes","4.0.0"
"DBI","DBI","C:/Users/porte/OneDrive/Documents/trump_stock/packrat/lib/x86_64-w64-mingw32/4.0.0","1.1.0",NA,"methods, R (>= 3.0.0)",NA,NA,"blob, covr, hms, knitr, magrittr, rmarkdown, rprojroot,
RSQLite (>= 1.1-2), testthat, xml2",NA,"LGPL (>= 2.1)",NA,NA,NA,NA,"no","4.0.0"
"dbplyr","dbplyr","C:/Users/porte/OneDrive/Documents/trump_stock/packrat/lib/x86_64-w64-mingw32/4.0.0","1.4.3",NA,"R (>= 3.1)","assertthat (>= 0.2.0), DBI (>= 1.0.0), dplyr (>= 0.8.0), glue
(>= 1.2.0), lifecycle, methods, purrr (>= 0.2.5), R6 (>=
2.2.2), rlang (>= 0.2.0), tibble (>= 1.4.2), tidyselect (>=
0.2.4), utils",NA,"bit64, covr, knitr, Lahman, nycflights13, RMariaDB (>=
1.0.2), rmarkdown, RPostgres (>= 1.1.3), RSQLite (>= 2.1.0),
testthat (>= 2.0.0)",NA,"MIT + file LICENSE",NA,NA,NA,NA,"no","4.0.0"
"desc","desc","C:/Users/porte/OneDrive/Documents/trump_stock/packrat/lib/x86_64-w64-mingw32/4.0.0","1.2.0",NA,"R (>= 3.1.0)","assertthat, utils, R6, crayon, rprojroot",NA,"covr, testthat, whoami, withr",NA,"MIT + file LICENSE",NA,NA,NA,NA,"no","4.0.0"
"devtools","devtools","C:/Users/porte/OneDrive/Documents/trump_stock/packrat/lib/x86_64-w64-mingw32/4.0.0","2.3.0",NA,"R (>= 3.0.2), usethis (>= 1.6.0)","callr (>= 3.4.3), cli (>= 2.0.2), covr (>= 3.5.0), crayon (>=
1.3.4), desc (>= 1.2.0), digest (>= 0.6.25), DT (>= 0.13),
ellipsis (>= 0.3.0), glue (>= 1.4.0), git2r (>= 0.26.1), httr
(>= 1.4.1), jsonlite (>= 1.6.1), memoise (>= 1.1.0), pkgbuild
(>= 1.0.6), pkgload (>= 1.0.2), rcmdcheck (>= 1.3.3), remotes
(>= 2.1.1), rlang (>= 0.4.5), roxygen2 (>= 7.1.0), rstudioapi
(>= 0.11), rversions (>= 2.0.1), sessioninfo (>= 1.1.1), stats,
testthat (>= 2.3.2), tools, utils, withr (>= 2.1.2)",NA,"BiocManager (>= 1.30.10), curl (>= 4.3), foghorn (>= 1.1.5),
gmailr (>= 1.0.0), knitr (>= 1.28), lintr (>= 2.0.1), mockery
(>= 0.4.2), pingr (>= 2.0.0), MASS, pkgdown (>= 1.5.1), rhub
(>= 1.1.1), rmarkdown (>= 2.1), spelling (>= 2.1)",NA,"GPL (>= 2)",NA,NA,NA,NA,"no","4.0.0"
"digest","digest","C:/Users/porte/OneDrive/Documents/trump_stock/packrat/lib/x86_64-w64-mingw32/4.0.0","0.6.25",NA,"R (>= 3.1.0)","utils",NA,"tinytest, knitr, rmarkdown",NA,"GPL (>= 2)",NA,NA,NA,NA,"yes","4.0.0"
"dlnm","dlnm","C:/Users/porte/OneDrive/Documents/trump_stock/packrat/lib/x86_64-w64-mingw32/4.0.0","2.3.9",NA,"R (>= 3.2)","stats, graphics, grDevices, utils, splines, nlme, mgcv,
tsModel",NA,"survival, lme4, gee, geepack, mvmeta",NA,"GPL (>= 2)",NA,NA,NA,NA,"no","4.0.0"
"doParallel","doParallel","C:/Users/porte/OneDrive/Documents/trump_stock/packrat/lib/x86_64-w64-mingw32/4.0.0","1.0.15",NA,"R (>= 2.14.0), foreach(>= 1.2.0), iterators(>= 1.0.0),
parallel, utils",NA,NA,"caret, mlbench, rpart, RUnit","compiler","GPL-2",NA,NA,NA,NA,"no","4.0.0"
"dplyr","dplyr","C:/Users/porte/OneDrive/Documents/trump_stock/packrat/lib/x86_64-w64-mingw32/4.0.0","0.8.5",NA,"R (>= 3.2.0)","ellipsis, assertthat (>= 0.2.0), glue (>= 1.3.0), magrittr (>=
1.5), methods, pkgconfig, R6, Rcpp (>= 1.0.1), rlang (>=
0.4.0), tibble (>= 2.0.0), tidyselect (>= 0.2.5), utils","BH, plogr (>= 0.2.0), Rcpp (>= 1.0.1)","bit64, callr, covr, crayon (>= 1.3.4), DBI, dbplyr, dtplyr,
ggplot2, hms, knitr, Lahman, lubridate, MASS, mgcv,
microbenchmark, nycflights13, rmarkdown, RMySQL, RPostgreSQL,
RSQLite, testthat, withr, broom, purrr, readr",NA,"MIT + file LICENSE",NA,NA,NA,NA,"yes","4.0.0"
"DT","DT","C:/Users/porte/OneDrive/Documents/trump_stock/packrat/lib/x86_64-w64-mingw32/4.0.0","0.13",NA,NA,"htmltools (>= 0.3.6), htmlwidgets (>= 1.3), jsonlite (>=
0.9.16), magrittr, crosstalk, promises",NA,"knitr (>= 1.8), rmarkdown, shiny (>= 1.2.0)",NA,"GPL-3 | file LICENSE",NA,NA,NA,NA,"no","4.0.0"
"dtplyr","dtplyr","C:/Users/porte/OneDrive/Documents/trump_stock/packrat/lib/x86_64-w64-mingw32/4.0.0","1.0.1",NA,"R (>= 3.2)","crayon, data.table (>= 1.12.4), dplyr (>= 0.8.1), rlang,
tibble, tidyselect",NA,"bench, covr, knitr, rmarkdown, testthat (>= 2.1.0)",NA,"GPL-3",NA,NA,NA,NA,"no","4.0.0"
"ellipsis","ellipsis","C:/Users/porte/OneDrive/Documents/trump_stock/packrat/lib/x86_64-w64-mingw32/4.0.0","0.3.0",NA,"R (>= 3.2)","rlang (>= 0.3.0)",NA,"covr, testthat",NA,"GPL-3",NA,NA,NA,NA,"yes","4.0.0"
"evaluate","evaluate","C:/Users/porte/OneDrive/Documents/trump_stock/packrat/lib/x86_64-w64-mingw32/4.0.0","0.14",NA,"R (>= 3.0.2)","methods",NA,"testthat, lattice, ggplot2",NA,"MIT + file LICENSE",NA,NA,NA,NA,"no","4.0.0"
"fable","fable","C:/Users/porte/OneDrive/Documents/trump_stock/packrat/lib/x86_64-w64-mingw32/4.0.0","0.2.0",NA,"R (>= 3.4.0), fabletools (>= 0.1.2)","Rcpp (>= 0.11.0), rlang (>= 0.2.0), stats, dplyr (>= 0.8.0),
tsibble (>= 0.8.0), tibble, tidyr, utils","Rcpp (>= 0.11.0)","covr, feasts, forecast, knitr, nnet, rmarkdown, spelling,
testthat, tsibbledata",NA,"GPL-3",NA,NA,NA,NA,"yes","4.0.0"
"fabletools","fabletools","C:/Users/porte/OneDrive/Documents/trump_stock/packrat/lib/x86_64-w64-mingw32/4.0.0","0.1.3",NA,"R (>= 3.1.3)","tsibble (>= 0.8.0), tibble (>= 1.4.1), ggplot2 (>= 3.0.0),
tidyselect, rlang (>= 0.2.0), stats, dplyr (>= 0.8.0), tidyr
(>= 0.8.3), generics, R6, utils, vctrs",NA,"colorspace, covr, crayon, digest, fable, future.apply, knitr,
methods, pillar (>= 1.0.1), feasts (>= 0.1.2), rmarkdown,
scales, spelling, testthat, tsibbledata, lubridate, SparseM",NA,"GPL-3",NA,NA,NA,NA,"no","4.0.0"
"fansi","fansi","C:/Users/porte/OneDrive/Documents/trump_stock/packrat/lib/x86_64-w64-mingw32/4.0.0","0.4.1",NA,"R (>= 3.1.0)",NA,NA,"unitizer, knitr, rmarkdown",NA,"GPL (>= 2)",NA,NA,NA,NA,"yes","4.0.0"
"farver","farver","C:/Users/porte/OneDrive/Documents/trump_stock/packrat/lib/x86_64-w64-mingw32/4.0.0","2.0.3",NA,NA,NA,NA,"testthat (>= 2.1.0), covr",NA,"MIT + file LICENSE",NA,NA,NA,NA,"yes","4.0.0"
"fastmap","fastmap","C:/Users/porte/OneDrive/Documents/trump_stock/packrat/lib/x86_64-w64-mingw32/4.0.0","1.0.1",NA,NA,NA,NA,"testthat (>= 2.1.1)",NA,"MIT + file LICENSE",NA,NA,NA,NA,"yes","4.0.0"
"feasts","feasts","C:/Users/porte/OneDrive/Documents/trump_stock/packrat/lib/x86_64-w64-mingw32/4.0.0","0.1.3",NA,"R (>= 3.5.0), fabletools (>= 0.1.2)","rlang (>= 0.2.0), tibble (>= 1.4.1), tsibble (>= 0.8.0),
ggplot2 (>= 3.0.0), dplyr (>= 0.8.0), tidyr (>= 0.8.3), scales
(>= 1.1.0), vctrs, lubridate, grid, slider, utils",NA,"tsibbledata, pillar (>= 1.0.1), knitr, rmarkdown, testthat,
covr, seasonal, urca, fracdiff, fable, ForeCA",NA,"GPL-3",NA,NA,NA,NA,"no","4.0.0"
"FinancialInstrument","FinancialInstrument","C:/Users/porte/OneDrive/Documents/trump_stock/packrat/lib/x86_64-w64-mingw32/4.0.0","1.3.1",NA,"R (>= 3.0.0), methods, quantmod (>= 0.4-3), zoo (>= 1.7-5),
xts (>= 0.10-0)","TTR",NA,"foreach, XML (>= 3.96.1.1), testthat, timeSeries",NA,"GPL",NA,NA,NA,NA,"no","4.0.0"
"forcats","forcats","C:/Users/porte/OneDrive/Documents/trump_stock/packrat/lib/x86_64-w64-mingw32/4.0.0","0.5.0",NA,"R (>= 3.2)","ellipsis, magrittr, rlang, tibble",NA,"covr, ggplot2, testthat, readr, knitr, rmarkdown, dplyr",NA,"GPL-3",NA,NA,NA,NA,"no","4.0.0"
"foreach","foreach","C:/Users/porte/OneDrive/Documents/trump_stock/packrat/lib/x86_64-w64-mingw32/4.0.0","1.5.0",NA,"R (>= 2.5.0)","codetools, utils, iterators",NA,"randomForest, doMC, doParallel, testthat, knitr, rmarkdown",NA,"Apache License (== 2.0)",NA,NA,NA,NA,"no","4.0.0"
"forecast","forecast","C:/Users/porte/OneDrive/Documents/trump_stock/packrat/lib/x86_64-w64-mingw32/4.0.0","8.12",NA,"R (>= 3.0.2),","colorspace, fracdiff, ggplot2 (>= 2.2.1), graphics, lmtest,
magrittr, nnet, parallel, Rcpp (>= 0.11.0), stats, timeDate,
tseries, urca, zoo","Rcpp (>= 0.11.0), RcppArmadillo (>= 0.2.35)","uroot, knitr, rmarkdown, rticles, testthat, methods",NA,"GPL-3",NA,NA,NA,NA,"yes","4.0.0"
"forecastML","forecastML","C:/Users/porte/OneDrive/Documents/trump_stock/packrat/lib/x86_64-w64-mingw32/4.0.0","0.8.0",NA,"R (>= 3.5.0), dplyr (>= 0.8.3)","tidyr (>= 0.8.1), rlang (>= 0.4.0), magrittr (>= 1.5),
lubridate (>= 1.7.4), ggplot2 (>= 3.1.0), future.apply (>=
1.3.0), methods, purrr (>= 0.3.2), data.table (>= 1.12.6),
dtplyr (>= 1.0.0), tibble (>= 2.1.3)",NA,"glmnet (>= 2.0.16), DT (>= 0.5), knitr (>= 1.22), rmarkdown
(>= 1.12.6), xgboost (>= 0.82.1), randomForest (>= 4.6.14),
testthat (>= 2.2.1), covr (>= 3.3.1)",NA,"MIT + file LICENSE",NA,NA,NA,NA,"no","4.0.0"
"fracdiff","fracdiff","C:/Users/porte/OneDrive/Documents/trump_stock/packrat/lib/x86_64-w64-mingw32/4.0.0","1.5-1",NA,NA,"stats",NA,"longmemo, forecast, urca",NA,"GPL (>= 2)",NA,NA,NA,NA,"yes","4.0.0"
"fs","fs","C:/Users/porte/OneDrive/Documents/trump_stock/packrat/lib/x86_64-w64-mingw32/4.0.0","1.4.1",NA,"R (>= 3.1)","methods",NA,"testthat, covr, pillar (>= 1.0.0), tibble (>= 1.1.0), crayon,
rmarkdown, knitr, withr, spelling",NA,"GPL-3",NA,NA,NA,NA,"yes","4.0.0"
"future","future","C:/Users/porte/OneDrive/Documents/trump_stock/packrat/lib/x86_64-w64-mingw32/4.0.0","1.17.0",NA,NA,"digest, globals (>= 0.12.5), listenv (>= 0.8.0), parallel,
utils",NA,"RhpcBLASctl, R.rsp, markdown",NA,"LGPL (>= 2.1)",NA,NA,NA,NA,"no","4.0.0"
"future.apply","future.apply","C:/Users/porte/OneDrive/Documents/trump_stock/packrat/lib/x86_64-w64-mingw32/4.0.0","1.5.0",NA,"R (>= 3.2.0), future (>= 1.16.0)","globals (>= 0.12.5)",NA,"datasets, stats, tools, listenv (>= 0.8.0), R.rsp, markdown",NA,"GPL (>= 2)",NA,NA,NA,NA,"no","4.0.0"
"generics","generics","C:/Users/porte/OneDrive/Documents/trump_stock/packrat/lib/x86_64-w64-mingw32/4.0.0","0.0.2",NA,"R (>= 3.1)","methods",NA,"covr, pkgload, testthat, tibble",NA,"GPL-2",NA,NA,NA,NA,"no","4.0.0"
"ggplot2","ggplot2","C:/Users/porte/OneDrive/Documents/trump_stock/packrat/lib/x86_64-w64-mingw32/4.0.0","3.3.0",NA,"R (>= 3.2)","digest, glue, grDevices, grid, gtable (>= 0.1.1), isoband,
MASS, mgcv, rlang (>= 0.3.0), scales (>= 0.5.0), stats, tibble,
withr (>= 2.0.0)",NA,"covr, dplyr, ggplot2movies, hexbin, Hmisc, knitr, lattice,
mapproj, maps, maptools, multcomp, munsell, nlme, profvis,
quantreg, rgeos, rmarkdown, rpart, sf (>= 0.7-3), svglite (>=
1.2.0.9001), testthat (>= 2.1.0), vdiffr (>= 0.3.0)","sp","GPL-2 | file LICENSE",NA,NA,NA,NA,"no","4.0.0"
"gh","gh","C:/Users/porte/OneDrive/Documents/trump_stock/packrat/lib/x86_64-w64-mingw32/4.0.0","1.1.0",NA,NA,"cli, ini, jsonlite, httr (>= 1.2)",NA,"covr, keyring, pingr, testthat, withr",NA,"MIT + file LICENSE",NA,NA,NA,NA,"no","4.0.0"
"git2r","git2r","C:/Users/porte/OneDrive/Documents/trump_stock/packrat/lib/x86_64-w64-mingw32/4.0.0","0.26.1",NA,"R (>= 3.1)","graphics, utils",NA,"getPass",NA,"GPL-2",NA,NA,NA,NA,"yes","4.0.0"
"glmnet","glmnet","C:/Users/porte/OneDrive/Documents/trump_stock/packrat/lib/x86_64-w64-mingw32/4.0.0","3.0-2",NA,"R (>= 3.6.0), Matrix (>= 1.0-6)","methods, utils, foreach, shape",NA,"survival, knitr, lars",NA,"GPL-2",NA,NA,NA,NA,"yes","4.0.0"
"globals","globals","C:/Users/porte/OneDrive/Documents/trump_stock/packrat/lib/x86_64-w64-mingw32/4.0.0","0.12.5",NA,"R (>= 3.1.2)","codetools",NA,NA,NA,"LGPL (>= 2.1)",NA,NA,NA,NA,"no","4.0.0"
"glue","glue","C:/Users/porte/OneDrive/Documents/trump_stock/packrat/lib/x86_64-w64-mingw32/4.0.0","1.4.0",NA,"R (>= 3.1)","methods",NA,"testthat, covr, magrittr, crayon, knitr, rmarkdown, DBI,
RSQLite, R.utils, forcats, microbenchmark, rprintf, stringr,
ggplot2, dplyr, withr, vctrs (>= 0.2.2)",NA,"MIT + file LICENSE",NA,NA,NA,NA,"yes","4.0.0"
"gower","gower","C:/Users/porte/OneDrive/Documents/trump_stock/packrat/lib/x86_64-w64-mingw32/4.0.0","0.2.1",NA,NA,NA,NA,"tinytest (>= 0.9.3),",NA,"GPL-3",NA,NA,NA,NA,"yes","4.0.0"
"gtable","gtable","C:/Users/porte/OneDrive/Documents/trump_stock/packrat/lib/x86_64-w64-mingw32/4.0.0","0.3.0",NA,"R (>= 3.0)","grid",NA,"covr, testthat, knitr, rmarkdown, ggplot2, profvis",NA,"GPL-2",NA,NA,NA,NA,"no","4.0.0"
"haven","haven","C:/Users/porte/OneDrive/Documents/trump_stock/packrat/lib/x86_64-w64-mingw32/4.0.0","2.2.0",NA,"R (>= 3.2)","forcats (>= 0.2.0), hms, Rcpp (>= 0.11.4), readr (>= 0.1.0),
rlang (>= 0.4.0), tibble, tidyselect","Rcpp","covr, fs, knitr, rmarkdown, testthat, pillar (>= 1.4.0), cli,
crayon",NA,"MIT + file LICENSE",NA,NA,NA,NA,"yes","4.0.0"
"highr","highr","C:/Users/porte/OneDrive/Documents/trump_stock/packrat/lib/x86_64-w64-mingw32/4.0.0","0.8",NA,"R (>= 3.2.3)",NA,NA,"knitr, testit",NA,"GPL",NA,NA,NA,NA,"no","4.0.0"
"hms","hms","C:/Users/porte/OneDrive/Documents/trump_stock/packrat/lib/x86_64-w64-mingw32/4.0.0","0.5.3",NA,NA,"methods, pkgconfig, rlang, vctrs (>= 0.2.1)",NA,"crayon, lubridate, pillar (>= 1.1.0), testthat",NA,"GPL-3",NA,NA,NA,NA,"no","4.0.0"
"htmltools","htmltools","C:/Users/porte/OneDrive/Documents/trump_stock/packrat/lib/x86_64-w64-mingw32/4.0.0","0.4.0",NA,"R (>= 2.14.1)","utils, digest, Rcpp, rlang","Rcpp","markdown, testthat, withr","knitr","GPL (>= 2)",NA,NA,NA,NA,"yes","4.0.0"
"htmlwidgets","htmlwidgets","C:/Users/porte/OneDrive/Documents/trump_stock/packrat/lib/x86_64-w64-mingw32/4.0.0","1.5.1",NA,NA,"grDevices, htmltools (>= 0.3), jsonlite (>= 0.9.16), yaml",NA,"knitr (>= 1.8)","shiny (>= 1.1)","MIT + file LICENSE",NA,NA,NA,NA,"no","4.0.0"
"httpuv","httpuv","C:/Users/porte/OneDrive/Documents/trump_stock/packrat/lib/x86_64-w64-mingw32/4.0.0","1.5.2",NA,"R (>= 2.15.1)","Rcpp (>= 0.11.0), utils, R6, promises, later (>= 0.8.0)","Rcpp, BH, later","testthat, callr, curl, websocket",NA,"GPL (>= 2) | file LICENSE",NA,NA,NA,NA,"yes","4.0.0"
"httr","httr","C:/Users/porte/OneDrive/Documents/trump_stock/packrat/lib/x86_64-w64-mingw32/4.0.0","1.4.1",NA,"R (>= 3.2)","curl (>= 3.0.0), jsonlite, mime, openssl (>= 0.8), R6",NA,"covr, httpuv, jpeg, knitr, png, readr, rmarkdown, testthat
(>= 0.8.0), xml2",NA,"MIT + file LICENSE",NA,NA,NA,NA,"no","4.0.0"
"hunspell","hunspell","C:/Users/porte/OneDrive/Documents/trump_stock/packrat/lib/x86_64-w64-mingw32/4.0.0","3.0",NA,"R (>= 3.0.2)","Rcpp, digest","Rcpp (>= 0.12.12)","spelling, testthat, pdftools, janeaustenr, wordcloud2, knitr,
stopwords, rmarkdown",NA,"GPL-2 | LGPL-2.1 | MPL-1.1",NA,NA,NA,NA,"yes","4.0.0"
"ini","ini","C:/Users/porte/OneDrive/Documents/trump_stock/packrat/lib/x86_64-w64-mingw32/4.0.0","0.3.1",NA,NA,NA,NA,"testthat",NA,"GPL-3",NA,NA,NA,NA,"no","4.0.0"
"ipred","ipred","C:/Users/porte/OneDrive/Documents/trump_stock/packrat/lib/x86_64-w64-mingw32/4.0.0","0.9-9",NA,"R (>= 2.10)","rpart (>= 3.1-8), MASS, survival, nnet, class, prodlim",NA,"mvtnorm, mlbench, TH.data",NA,"GPL (>= 2)",NA,NA,NA,NA,"yes","4.0.0"
"isoband","isoband","C:/Users/porte/OneDrive/Documents/trump_stock/packrat/lib/x86_64-w64-mingw32/4.0.0","0.2.1",NA,NA,"Rcpp, grid, utils","Rcpp, testthat","covr, ggplot2, knitr, magick, microbenchmark, rmarkdown, sf,
testthat",NA,"MIT + file LICENSE",NA,NA,NA,NA,"yes","4.0.0"
"iterators","iterators","C:/Users/porte/OneDrive/Documents/trump_stock/packrat/lib/x86_64-w64-mingw32/4.0.0","1.0.12",NA,"R (>= 2.5.0), utils",NA,NA,"RUnit, foreach",NA,"Apache License (== 2.0)",NA,NA,NA,NA,"no","4.0.0"
"jsonlite","jsonlite","C:/Users/porte/OneDrive/Documents/trump_stock/packrat/lib/x86_64-w64-mingw32/4.0.0","1.6.1",NA,"methods",NA,NA,"httr, curl, plyr, testthat, knitr, rmarkdown, R.rsp, sp",NA,"MIT + file LICENSE",NA,NA,NA,NA,"yes","4.0.0"
"knitr","knitr","C:/Users/porte/OneDrive/Documents/trump_stock/packrat/lib/x86_64-w64-mingw32/4.0.0","1.28",NA,"R (>= 3.2.3)","evaluate (>= 0.10), highr, markdown, stringr (>= 0.6), yaml
(>= 2.1.19), methods, xfun, tools",NA,"formatR, testit, digest, rgl (>= 0.95.1201), codetools,
rmarkdown, htmlwidgets (>= 0.7), webshot, tikzDevice (>= 0.10),
tinytex, reticulate (>= 1.4), JuliaCall (>= 0.11.1), magick,
png, jpeg, gifski, xml2 (>= 1.2.0), httr, DBI (>= 0.4-1),
showtext, tibble, sass, styler (>= 1.2.0)",NA,"GPL",NA,NA,NA,NA,"no","4.0.0"
"labeling","labeling","C:/Users/porte/OneDrive/Documents/trump_stock/packrat/lib/x86_64-w64-mingw32/4.0.0","0.3",NA,NA,NA,NA,NA,NA,"MIT + file LICENSE | Unlimited",NA,NA,NA,NA,"no","4.0.0"
"later","later","C:/Users/porte/OneDrive/Documents/trump_stock/packrat/lib/x86_64-w64-mingw32/4.0.0","1.0.0",NA,NA,"Rcpp (>= 0.12.9), rlang","Rcpp, BH","knitr, rmarkdown, testthat",NA,"GPL (>= 2)",NA,NA,NA,NA,"yes","4.0.0"
"lava","lava","C:/Users/porte/OneDrive/Documents/trump_stock/packrat/lib/x86_64-w64-mingw32/4.0.0","1.6.7",NA,"R (>= 3.0)","grDevices, graphics, methods, numDeriv, stats, survival,
SQUAREM, utils",NA,"KernSmooth, Matrix, Rgraphviz, data.table, ellipse, fields,
foreach, geepack, gof (>= 0.9), graph, igraph (>= 0.6),
lava.tobit (>= 0.4.7), lme4, mets (>= 1.1), nlme, optimx,
polycor, quantreg, rgl, testthat (>= 0.11), visNetwork, zoo",NA,"GPL-3",NA,NA,NA,NA,"no","4.0.0"
"lazyeval","lazyeval","C:/Users/porte/OneDrive/Documents/trump_stock/packrat/lib/x86_64-w64-mingw32/4.0.0","0.2.2",NA,"R (>= 3.1.0)",NA,NA,"knitr, rmarkdown (>= 0.2.65), testthat, covr",NA,"GPL-3",NA,NA,NA,NA,"yes","4.0.0"
"lgr","lgr","C:/Users/porte/OneDrive/Documents/trump_stock/packrat/lib/x86_64-w64-mingw32/4.0.0","0.3.4",NA,"R (>= 2.10)","R6 (>= 2.4.0)",NA,"cli, covr, crayon, data.table, DBI, desc, future,
future.apply, glue, gmailr, jsonlite, knitr, RMariaDB,
rmarkdown, rotor (>= 0.2.2), RPostgres, rprojroot, RPushbullet,
RSQLite, rsyslog, sendmailR, testthat, tibble, tools, utils,
whoami, yaml",NA,"MIT + file LICENSE",NA,NA,NA,NA,"no","4.0.0"
"lifecycle","lifecycle","C:/Users/porte/OneDrive/Documents/trump_stock/packrat/lib/x86_64-w64-mingw32/4.0.0","0.2.0",NA,"R (>= 3.2)","glue, rlang (>= 0.4.0)",NA,"covr, crayon, knitr, rmarkdown, testthat (>= 2.1.0)",NA,"GPL-3",NA,NA,NA,NA,"no","4.0.0"
"listenv","listenv","C:/Users/porte/OneDrive/Documents/trump_stock/packrat/lib/x86_64-w64-mingw32/4.0.0","0.8.0",NA,"R (>= 3.1.2)",NA,NA,"R.utils, R.rsp, markdown",NA,"LGPL (>= 2.1)",NA,NA,NA,NA,"no","4.0.0"
"lmtest","lmtest","C:/Users/porte/OneDrive/Documents/trump_stock/packrat/lib/x86_64-w64-mingw32/4.0.0","0.9-37",NA,"R (>= 3.0.0), stats, zoo","graphics",NA,"car, strucchange, sandwich, dynlm, stats4, survival, AER",NA,"GPL-2 | GPL-3",NA,NA,NA,NA,"yes","4.0.0"
"lubridate","lubridate","C:/Users/porte/OneDrive/Documents/trump_stock/packrat/lib/x86_64-w64-mingw32/4.0.0","1.7.8",NA,"methods, R (>= 3.2)","generics, Rcpp (>= 0.12.13)","Rcpp","covr, knitr, testthat","chron, timeDate, tis, zoo","GPL (>= 2)",NA,NA,NA,NA,"yes","4.0.0"
"magrittr","magrittr","C:/Users/porte/OneDrive/Documents/trump_stock/packrat/lib/x86_64-w64-mingw32/4.0.0","1.5",NA,NA,NA,NA,"testthat, knitr",NA,"MIT + file LICENSE",NA,NA,NA,NA,"no","4.0.0"
"markdown","markdown","C:/Users/porte/OneDrive/Documents/trump_stock/packrat/lib/x86_64-w64-mingw32/4.0.0","1.1",NA,"R (>= 2.11.1)","utils, xfun, mime (>= 0.3)",NA,"knitr, RCurl",NA,"GPL-2",NA,NA,NA,NA,"yes","4.0.0"
"memoise","memoise","C:/Users/porte/OneDrive/Documents/trump_stock/packrat/lib/x86_64-w64-mingw32/4.0.0","1.1.0",NA,NA,"digest (>= 0.6.3)",NA,"testthat, aws.s3, httr, covr",NA,"MIT + file LICENSE",NA,NA,NA,NA,"no","4.0.0"
"mime","mime","C:/Users/porte/OneDrive/Documents/trump_stock/packrat/lib/x86_64-w64-mingw32/4.0.0","0.9",NA,NA,"tools",NA,NA,NA,"GPL",NA,NA,NA,NA,"yes","4.0.0"
"mlbench","mlbench","C:/Users/porte/OneDrive/Documents/trump_stock/packrat/lib/x86_64-w64-mingw32/4.0.0","2.1-1",NA,"R (>= 2.10)",NA,NA,"lattice",NA,"GPL-2",NA,NA,NA,NA,NA,"4.0.0"
"mlr3","mlr3","C:/Users/porte/OneDrive/Documents/trump_stock/packrat/lib/x86_64-w64-mingw32/4.0.0","0.2.0",NA,"R (>= 3.1.0)","R6 (>= 2.4.1), backports, checkmate (>= 2.0.0), data.table (>=
1.12.8), digest, lgr (>= 0.3.4), mlbench, mlr3measures (>=
0.1.3), mlr3misc (>= 0.2.0), paradox (>= 0.2.0), uuid",NA,"Matrix, bibtex, callr, datasets, evaluate, future (>=
1.16.0), future.apply (>= 1.4.0), future.callr, mlr3data,
progressr, rpart, testthat",NA,"LGPL-3",NA,NA,NA,NA,"no","4.0.0"
"mlr3db","mlr3db","C:/Users/porte/OneDrive/Documents/trump_stock/packrat/lib/x86_64-w64-mingw32/4.0.0","0.1.5",NA,"R (>= 3.1.0)","backports, checkmate, data.table, digest, dplyr, mlr3 (>=
0.1.4), R6",NA,"DBI, RSQLite, dbplyr, future, future.apply, future.callr,
lgr, testthat, tibble",NA,"LGPL-3",NA,NA,NA,NA,"no","4.0.0"
"mlr3filters","mlr3filters","C:/Users/porte/OneDrive/Documents/trump_stock/packrat/lib/x86_64-w64-mingw32/4.0.0","0.2.0",NA,"R (>= 3.1.0)","backports, checkmate, data.table, mlr3 (>= 0.1.2), mlr3misc,
paradox, R6",NA,"care, caret, FSelectorRcpp, lgr, mlr3learners, mlr3measures,
praznik, rpart, testthat",NA,"LGPL-3",NA,NA,NA,NA,"no","4.0.0"
"mlr3learners","mlr3learners","C:/Users/porte/OneDrive/Documents/trump_stock/packrat/lib/x86_64-w64-mingw32/4.0.0","0.2.0",NA,"R (>= 3.1.0)","data.table, mlr3 (>= 0.2.0), mlr3misc (>= 0.2.0), paradox, R6",NA,"bibtex, checkmate, DiceKriging, e1071, glmnet, kknn, knitr,
lgr, MASS, nnet, ranger, rmarkdown, testthat, xgboost",NA,"LGPL-3",NA,NA,NA,NA,"no","4.0.0"
"mlr3measures","mlr3measures","C:/Users/porte/OneDrive/Documents/trump_stock/packrat/lib/x86_64-w64-mingw32/4.0.0","0.1.3",NA,"R (>= 3.1.0)","checkmate",NA,"bibtex, testthat",NA,"LGPL-3",NA,NA,NA,NA,"no","4.0.0"
"mlr3misc","mlr3misc","C:/Users/porte/OneDrive/Documents/trump_stock/packrat/lib/x86_64-w64-mingw32/4.0.0","0.2.0",NA,"R (>= 3.1.0)","backports (>= 0.1.5), checkmate, data.table, R6",NA,"bibtex, callr, evaluate, paradox, testthat",NA,"LGPL-3",NA,NA,NA,NA,"yes","4.0.0"
"mlr3pipelines","mlr3pipelines","C:/Users/porte/OneDrive/Documents/trump_stock/packrat/lib/x86_64-w64-mingw32/4.0.0","0.1.3",NA,"R (>= 3.1.0)","backports, checkmate, data.table, digest, mlr3 (>= 0.1.4),
mlr3misc (>= 0.1.4), paradox, R6, withr",NA,"ggplot2, glmnet, igraph, knitr, lgr, lme4, mlbench,
mlr3filters (>= 0.1.1), mlr3learners, mlr3measures, nloptr,
rmarkdown, rpart, testthat, visNetwork, bestNormalize, fastICA,
kernlab, smotefamily, evaluate",NA,"LGPL-3",NA,NA,NA,NA,"no","4.0.0"
"mlr3tuning","mlr3tuning","C:/Users/porte/OneDrive/Documents/trump_stock/packrat/lib/x86_64-w64-mingw32/4.0.0","0.1.2",NA,"R (>= 3.1.0)","checkmate (>= 1.9.4), data.table, lgr, mlr3 (>= 0.1.4),
mlr3misc (>= 0.1.7), paradox, R6",NA,"GenSA, mlr3pipelines, rpart, testthat",NA,"LGPL-3",NA,NA,NA,NA,"no","4.0.0"
"mlr3verse","mlr3verse","C:/Users/porte/OneDrive/Documents/trump_stock/packrat/lib/x86_64-w64-mingw32/4.0.0","0.1.1",NA,"mlr3, mlr3db, mlr3filters, mlr3learners, mlr3pipelines,
mlr3tuning, mlr3viz, paradox, R (>= 3.1.0)","mlr3misc",NA,NA,NA,"LGPL-3",NA,NA,NA,NA,"no","4.0.0"
"mlr3viz","mlr3viz","C:/Users/porte/OneDrive/Documents/trump_stock/packrat/lib/x86_64-w64-mingw32/4.0.0","0.1.1",NA,"R (>= 3.1.0)","checkmate, data.table, ggplot2, mlr3misc, utils",NA,"GGally, lgr, mlr3 (>= 0.1.6), mlr3filters, mlr3proba,
precrec, rpart, survival, testthat",NA,"LGPL-3",NA,NA,NA,NA,"no","4.0.0"
"ModelMetrics","ModelMetrics","C:/Users/porte/OneDrive/Documents/trump_stock/packrat/lib/x86_64-w64-mingw32/4.0.0","1.2.2.2",NA,"R (>= 3.2.2)","Rcpp, data.table","Rcpp","testthat",NA,"GPL (>= 2)",NA,NA,NA,NA,"yes","4.0.0"
"modelr","modelr","C:/Users/porte/OneDrive/Documents/trump_stock/packrat/lib/x86_64-w64-mingw32/4.0.0","0.1.7",NA,"R (>= 3.2)","broom, dplyr, magrittr, purrr (>= 0.2.2), rlang (>= 0.2.0),
tibble, tidyr (>= 0.8.0), tidyselect",NA,"compiler, covr, ggplot2, testthat",NA,"GPL-3",NA,NA,NA,NA,"no","4.0.0"
"munsell","munsell","C:/Users/porte/OneDrive/Documents/trump_stock/packrat/lib/x86_64-w64-mingw32/4.0.0","0.5.0",NA,NA,"colorspace, methods",NA,"ggplot2, testthat",NA,"MIT + file LICENSE",NA,NA,NA,NA,"no","4.0.0"
"numDeriv","numDeriv","C:/Users/porte/OneDrive/Documents/trump_stock/packrat/lib/x86_64-w64-mingw32/4.0.0","2016.8-1.1",NA,"R (>= 2.11.1)",NA,NA,NA,NA,"GPL-2",NA,NA,NA,NA,"no","4.0.0"
"openssl","openssl","C:/Users/porte/OneDrive/Documents/trump_stock/packrat/lib/x86_64-w64-mingw32/4.0.0","1.4.1",NA,NA,"askpass",NA,"testthat, digest, knitr, rmarkdown, jsonlite, jose, sodium",NA,"MIT + file LICENSE",NA,NA,NA,NA,"yes","4.0.0"
"packrat","packrat","C:/Users/porte/OneDrive/Documents/trump_stock/packrat/lib/x86_64-w64-mingw32/4.0.0","0.5.0",NA,"R (>= 3.0.0)","tools, utils",NA,"testthat (>= 0.7), devtools, httr, knitr, rmarkdown",NA,"GPL-2",NA,NA,NA,NA,"no","4.0.0"
"pacman","pacman","C:/Users/porte/OneDrive/Documents/trump_stock/packrat/lib/x86_64-w64-mingw32/4.0.0","0.5.1",NA,"R (>= 3.5.0)","remotes, methods, stats, utils",NA,"BiocManager, knitr, lattice, testthat (>= 0.9.0), XML",NA,"GPL-2",NA,NA,NA,NA,"no","4.0.0"
"paradox","paradox","C:/Users/porte/OneDrive/Documents/trump_stock/packrat/lib/x86_64-w64-mingw32/4.0.0","0.2.0",NA,NA,"backports, checkmate, data.table, mlr3misc, R6",NA,"lhs, testthat",NA,"LGPL-3",NA,NA,NA,NA,"no","4.0.0"
"PerformanceAnalytics","PerformanceAnalytics","C:/Users/porte/OneDrive/Documents/trump_stock/packrat/lib/x86_64-w64-mingw32/4.0.0","2.0.4",NA,"R (>= 3.5.0), xts (>= 0.10.0)","methods, quadprog, zoo",NA,"dygraphs, Hmisc, MASS, quantmod, gamlss, gamlss.dist,
robustbase, quantreg, tinytest, ggplot2, RColorBrewer,
googleVis, plotly, gridExtra, ggpubr, RPESE, R.rsp, RobStatTM",NA,"GPL-2 | GPL-3",NA,NA,NA,NA,"yes","4.0.0"
"pillar","pillar","C:/Users/porte/OneDrive/Documents/trump_stock/packrat/lib/x86_64-w64-mingw32/4.0.0","1.4.3",NA,NA,"cli, crayon (>= 1.3.4), fansi, rlang (>= 0.3.0), utf8 (>=
1.1.0), vctrs (>= 0.2.0)",NA,"knitr, lubridate, testthat (>= 2.0.0), withr",NA,"GPL-3",NA,NA,NA,NA,"no","4.0.0"
"pkgbuild","pkgbuild","C:/Users/porte/OneDrive/Documents/trump_stock/packrat/lib/x86_64-w64-mingw32/4.0.0","1.0.7",NA,"R (>= 3.1)","callr (>= 3.2.0), cli, crayon, desc, prettyunits, R6,
rprojroot, withr (>= 2.1.2)",NA,"Rcpp, testthat, covr",NA,"GPL-3",NA,NA,NA,NA,"no","4.0.0"
"pkgconfig","pkgconfig","C:/Users/porte/OneDrive/Documents/trump_stock/packrat/lib/x86_64-w64-mingw32/4.0.0","2.0.3",NA,NA,"utils",NA,"covr, testthat, disposables (>= 1.0.3)",NA,"MIT + file LICENSE",NA,NA,NA,NA,"no","4.0.0"
"pkgload","pkgload","C:/Users/porte/OneDrive/Documents/trump_stock/packrat/lib/x86_64-w64-mingw32/4.0.0","1.0.2",NA,NA,"desc, methods, pkgbuild, rlang, rprojroot, rstudioapi, utils,
withr",NA,"bitops, covr, Rcpp, testthat",NA,"GPL-3",NA,NA,NA,NA,"yes","4.0.0"
"plogr","plogr","C:/Users/porte/OneDrive/Documents/trump_stock/packrat/lib/x86_64-w64-mingw32/4.0.0","0.2.0",NA,NA,NA,NA,"Rcpp",NA,"MIT + file LICENSE",NA,NA,NA,NA,"no","4.0.0"
"plyr","plyr","C:/Users/porte/OneDrive/Documents/trump_stock/packrat/lib/x86_64-w64-mingw32/4.0.0","1.8.6",NA,"R (>= 3.1.0)","Rcpp (>= 0.11.0)","Rcpp","abind, covr, doParallel, foreach, iterators, itertools,
tcltk, testthat",NA,"MIT + file LICENSE",NA,NA,NA,NA,"yes","4.0.0"
"png","png","C:/Users/porte/OneDrive/Documents/trump_stock/packrat/lib/x86_64-w64-mingw32/4.0.0","0.1-7",NA,"R (>= 2.9.0)",NA,NA,NA,NA,"GPL-2 | GPL-3",NA,NA,NA,NA,"yes","4.0.0"
"praise","praise","C:/Users/porte/OneDrive/Documents/trump_stock/packrat/lib/x86_64-w64-mingw32/4.0.0","1.0.0",NA,NA,NA,NA,"testthat",NA,"MIT + file LICENSE",NA,NA,NA,NA,"no","4.0.0"
"prettyunits","prettyunits","C:/Users/porte/OneDrive/Documents/trump_stock/packrat/lib/x86_64-w64-mingw32/4.0.0","1.1.1",NA,NA,NA,NA,"codetools, covr, testthat",NA,"MIT + file LICENSE",NA,NA,NA,NA,"no","4.0.0"
"pROC","pROC","C:/Users/porte/OneDrive/Documents/trump_stock/packrat/lib/x86_64-w64-mingw32/4.0.0","1.16.2",NA,"R (>= 2.14)","methods, plyr, Rcpp (>= 0.11.1)","Rcpp","microbenchmark, tcltk, MASS, logcondens, doParallel,
testthat, vdiffr, ggplot2",NA,"GPL (>= 3)",NA,NA,NA,NA,"yes","4.0.0"
"processx","processx","C:/Users/porte/OneDrive/Documents/trump_stock/packrat/lib/x86_64-w64-mingw32/4.0.0","3.4.2",NA,NA,"ps (>= 1.2.0), R6, utils",NA,"callr (>= 3.2.0), codetools, covr, crayon, curl, debugme,
parallel, testthat, withr",NA,"MIT + file LICENSE",NA,NA,NA,NA,"yes","4.0.0"
"prodlim","prodlim","C:/Users/porte/OneDrive/Documents/trump_stock/packrat/lib/x86_64-w64-mingw32/4.0.0","2019.11.13",NA,"R (>= 2.9.0)","Rcpp (>= 0.11.5), stats, grDevices, graphics, survival,
KernSmooth, lava","Rcpp",NA,NA,"GPL (>= 2)",NA,NA,NA,NA,"yes","4.0.0"
"progress","progress","C:/Users/porte/OneDrive/Documents/trump_stock/packrat/lib/x86_64-w64-mingw32/4.0.0","1.2.2",NA,NA,"hms, prettyunits, R6, crayon",NA,"Rcpp, testthat, withr",NA,"MIT + file LICENSE",NA,NA,NA,NA,"no","4.0.0"
"promises","promises","C:/Users/porte/OneDrive/Documents/trump_stock/packrat/lib/x86_64-w64-mingw32/4.0.0","1.1.0",NA,NA,"R6, Rcpp, later, rlang, stats, magrittr","later, Rcpp","testthat, future, knitr, rmarkdown",NA,"MIT + file LICENSE",NA,NA,NA,NA,"yes","4.0.0"
"ps","ps","C:/Users/porte/OneDrive/Documents/trump_stock/packrat/lib/x86_64-w64-mingw32/4.0.0","1.3.2",NA,"R (>= 3.1)","utils",NA,"callr, covr, curl, pingr, processx (>= 3.1.0), R6, rlang,
testthat, tibble",NA,"BSD_3_clause + file LICENSE",NA,NA,NA,NA,"yes","4.0.0"
"purrr","purrr","C:/Users/porte/OneDrive/Documents/trump_stock/packrat/lib/x86_64-w64-mingw32/4.0.0","0.3.4",NA,"R (>= 3.2)","magrittr (>= 1.5), rlang (>= 0.3.1)",NA,"covr, crayon, dplyr (>= 0.7.8), knitr, rmarkdown, testthat,
tibble, tidyselect",NA,"GPL-3 | file LICENSE",NA,NA,NA,NA,"yes","4.0.0"
"quadprog","quadprog","C:/Users/porte/OneDrive/Documents/trump_stock/packrat/lib/x86_64-w64-mingw32/4.0.0","1.5-8",NA,"R (>= 3.1.0)",NA,NA,NA,NA,"GPL (>= 2)",NA,NA,NA,NA,"yes","4.0.0"
"quantmod","quantmod","C:/Users/porte/OneDrive/Documents/trump_stock/packrat/lib/x86_64-w64-mingw32/4.0.0","0.4.17",NA,"R (>= 3.2.0), xts(>= 0.9-0), zoo, TTR(>= 0.2), methods","curl",NA,"DBI,RMySQL,RSQLite,timeSeries,XML,downloader,jsonlite(>= 1.1)",NA,"GPL-3",NA,NA,NA,NA,"no","4.0.0"
"quantstrat","quantstrat","C:/Users/porte/OneDrive/Documents/trump_stock/packrat/lib/x86_64-w64-mingw32/4.0.0","0.16.7",NA,"R (>= 3.5.0), quantmod, xts (>= 0.10), blotter (>= 0.14.0),
FinancialInstrument (>= 0.12.5), foreach (>= 1.4.0)","methods, iterators, zoo, TTR, MASS",NA,"PerformanceAnalytics, PortfolioAnalytics, rgl, testthat,
rCharts, gamlss, gamlss.util, reshape2, beanplot, knitr,
rmarkdown, pander, xtable, covr, usethis",NA,"GPL-3",NA,NA,NA,NA,"yes","4.0.0"
"R6","R6","C:/Users/porte/OneDrive/Documents/trump_stock/packrat/lib/x86_64-w64-mingw32/4.0.0","2.4.1",NA,"R (>= 3.0)",NA,NA,"knitr, microbenchmark, pryr, testthat, ggplot2, scales",NA,"MIT + file LICENSE",NA,NA,NA,NA,"no","4.0.0"
"rappdirs","rappdirs","C:/Users/porte/OneDrive/Documents/trump_stock/packrat/lib/x86_64-w64-mingw32/4.0.0","0.3.1",NA,"R (>= 2.14), methods",NA,NA,"testthat, roxygen2",NA,"MIT + file LICENSE",NA,NA,NA,NA,"yes","4.0.0"
"rcmdcheck","rcmdcheck","C:/Users/porte/OneDrive/Documents/trump_stock/packrat/lib/x86_64-w64-mingw32/4.0.0","1.3.3",NA,NA,"callr (>= 3.1.1.9000), cli (>= 1.1.0), crayon, desc (>=
1.2.0), digest, pkgbuild, prettyunits, R6, rprojroot,
sessioninfo (>= 1.1.1), utils, withr, xopen",NA,"covr, knitr, mockery, rmarkdown, testthat",NA,"MIT + file LICENSE",NA,NA,NA,NA,"no","4.0.0"
"RColorBrewer","RColorBrewer","C:/Users/porte/OneDrive/Documents/trump_stock/packrat/lib/x86_64-w64-mingw32/4.0.0","1.1-2",NA,"R (>= 2.0.0)",NA,NA,NA,NA,"Apache License 2.0",NA,NA,NA,NA,"no","4.0.0"
"Rcpp","Rcpp","C:/Users/porte/OneDrive/Documents/trump_stock/packrat/lib/x86_64-w64-mingw32/4.0.0","1.0.4.6",NA,NA,"methods, utils",NA,"tinytest, inline, rbenchmark, pkgKitten (>= 0.1.2)",NA,"GPL (>= 2)",NA,NA,NA,NA,"yes","4.0.0"
"readr","readr","C:/Users/porte/OneDrive/Documents/trump_stock/packrat/lib/x86_64-w64-mingw32/4.0.0","1.3.1",NA,"R (>= 3.1)","Rcpp (>= 0.12.0.5), tibble, hms (>= 0.4.1), R6, clipr, crayon,
methods","Rcpp, BH","curl, testthat, knitr, rmarkdown, stringi, covr, spelling",NA,"GPL (>= 2) | file LICENSE",NA,NA,NA,NA,"yes","4.0.0"
"readxl","readxl","C:/Users/porte/OneDrive/Documents/trump_stock/packrat/lib/x86_64-w64-mingw32/4.0.0","1.3.1",NA,NA,"cellranger, Rcpp (>= 0.12.18), tibble (>= 1.3.1), utils","progress, Rcpp","covr, knitr, rmarkdown, rprojroot (>= 1.1), testthat",NA,"GPL-3",NA,NA,NA,NA,"yes","4.0.0"
"recipes","recipes","C:/Users/porte/OneDrive/Documents/trump_stock/packrat/lib/x86_64-w64-mingw32/4.0.0","0.1.12",NA,"R (>= 3.1), dplyr","generics, glue, gower, ipred, lubridate, magrittr, Matrix,
purrr (>= 0.2.3), rlang (>= 0.4.0), stats, tibble, tidyr (>=
0.8.3), tidyselect (>= 0.2.5), timeDate, utils, withr",NA,"covr, ddalpha, dimRed (>= 0.2.2), fastICA, ggplot2, igraph,
kernlab, knitr, modeldata, pls, RANN, RcppRoll, rmarkdown,
rpart, rsample, RSpectra, testthat (>= 2.1.0), xml2",NA,"GPL-2",NA,NA,NA,NA,"no","4.0.0"
"rematch","rematch","C:/Users/porte/OneDrive/Documents/trump_stock/packrat/lib/x86_64-w64-mingw32/4.0.0","1.0.1",NA,NA,NA,NA,"covr, testthat",NA,"MIT + file LICENSE",NA,NA,NA,NA,"no","4.0.0"
"rematch2","rematch2","C:/Users/porte/OneDrive/Documents/trump_stock/packrat/lib/x86_64-w64-mingw32/4.0.0","2.1.2",NA,NA,"tibble",NA,"covr, testthat",NA,"MIT + file LICENSE",NA,NA,NA,NA,"no","4.0.0"
"remotes","remotes","C:/Users/porte/OneDrive/Documents/trump_stock/packrat/lib/x86_64-w64-mingw32/4.0.0","2.1.1",NA,"R (>= 3.0.0)","methods, stats, tools, utils",NA,"brew, callr, codetools, curl, covr, git2r (>= 0.23.0), knitr,
mockery, pkgbuild (>= 1.0.1), pingr, rmarkdown, rprojroot,
testthat, withr",NA,"GPL (>= 2)",NA,NA,NA,NA,"no","4.0.0"
"reprex","reprex","C:/Users/porte/OneDrive/Documents/trump_stock/packrat/lib/x86_64-w64-mingw32/4.0.0","0.3.0",NA,"R (>= 3.1)","callr (>= 2.0.0), clipr (>= 0.4.0), fs, rlang, rmarkdown,
utils, whisker, withr",NA,"covr, devtools, fortunes, knitr, miniUI, rprojroot,
rstudioapi, shiny, styler (>= 1.0.2), testthat (>= 2.0.0)",NA,"MIT + file LICENSE",NA,NA,NA,NA,"no","4.0.0"
"reshape2","reshape2","C:/Users/porte/OneDrive/Documents/trump_stock/packrat/lib/x86_64-w64-mingw32/4.0.0","1.4.4",NA,"R (>= 3.1)","plyr (>= 1.8.1), Rcpp, stringr","Rcpp","covr, lattice, testthat (>= 0.8.0)",NA,"MIT + file LICENSE",NA,NA,NA,NA,"yes","4.0.0"
"reticulate","reticulate","C:/Users/porte/OneDrive/Documents/trump_stock/packrat/lib/x86_64-w64-mingw32/4.0.0","1.15",NA,"R (>= 3.0)","graphics, jsonlite, Matrix, methods, rappdirs, Rcpp (>=
0.12.7), utils","Rcpp","callr, knitr, rmarkdown, testthat",NA,"Apache License 2.0",NA,NA,NA,NA,"yes","4.0.0"
"rex","rex","C:/Users/porte/OneDrive/Documents/trump_stock/packrat/lib/x86_64-w64-mingw32/4.0.0","1.2.0",NA,NA,"lazyeval",NA,"testthat, knitr, rmarkdown, dplyr, ggplot2, magrittr, Hmisc,
stringr, rvest, roxygen2, covr",NA,"MIT + file LICENSE",NA,NA,NA,NA,"no","4.0.0"
"rlang","rlang","C:/Users/porte/OneDrive/Documents/trump_stock/packrat/lib/x86_64-w64-mingw32/4.0.0","0.4.5",NA,"R (>= 3.2.0)",NA,NA,"cli, covr, crayon, glue, magrittr, methods, pillar,
rmarkdown, testthat (>= 2.3.0), vctrs (>= 0.2.3)",NA,"GPL-3",NA,NA,NA,NA,"yes","4.0.0"
"rmarkdown","rmarkdown","C:/Users/porte/OneDrive/Documents/trump_stock/packrat/lib/x86_64-w64-mingw32/4.0.0","2.1",NA,"R (>= 3.0)","tools, utils, knitr (>= 1.22), yaml (>= 2.1.19), htmltools (>=
0.3.5), evaluate (>= 0.13), base64enc, jsonlite, mime, tinytex
(>= 0.11), xfun, methods, stringr (>= 1.2.0)",NA,"shiny (>= 0.11), tufte, testthat, digest, dygraphs, tibble,
fs, pkgdown, callr (>= 2.0.0)",NA,"GPL-3",NA,NA,NA,NA,"no","4.0.0"
"roxygen2","roxygen2","C:/Users/porte/OneDrive/Documents/trump_stock/packrat/lib/x86_64-w64-mingw32/4.0.0","7.1.0",NA,"R (>= 3.2)","brew, commonmark, desc (>= 1.2.0), digest, knitr, methods,
pkgload (>= 1.0.2), purrr (>= 0.3.3), R6 (>= 2.1.2), Rcpp (>=
0.11.0), rlang, stringi, stringr (>= 1.0.0), utils, xml2","Rcpp","covr, devtools, rmarkdown, testthat (>= 2.1.0), R.methodsS3,
R.oo",NA,"GPL (>= 2)",NA,NA,NA,NA,"yes","4.0.0"
"rprojroot","rprojroot","C:/Users/porte/OneDrive/Documents/trump_stock/packrat/lib/x86_64-w64-mingw32/4.0.0","1.3-2",NA,"R (>= 3.0.0)","backports",NA,"testthat, mockr, knitr, withr, rmarkdown",NA,"GPL-3",NA,NA,NA,NA,"no","4.0.0"
"rstudioapi","rstudioapi","C:/Users/porte/OneDrive/Documents/trump_stock/packrat/lib/x86_64-w64-mingw32/4.0.0","0.11",NA,NA,NA,NA,"testthat, knitr, rmarkdown, clipr",NA,"MIT + file LICENSE",NA,NA,NA,NA,"no","4.0.0"
"rtweet","rtweet","C:/Users/porte/OneDrive/Documents/trump_stock/packrat/lib/x86_64-w64-mingw32/4.0.0","0.7.0",NA,"R (>= 3.1.0)","httr (>= 1.3.0), jsonlite (>= 0.9.22), magrittr (>= 1.5),
tibble (>= 1.3.4), utils, progress, Rcpp, httpuv",NA,"ggplot2, knitr, magick, openssl, readr, rmarkdown, testthat
(>= 2.1.0), webshot, covr, igraph",NA,"MIT + file LICENSE",NA,NA,NA,NA,"no","4.0.0"
"rversions","rversions","C:/Users/porte/OneDrive/Documents/trump_stock/packrat/lib/x86_64-w64-mingw32/4.0.0","2.0.1",NA,NA,"curl, utils, xml2 (>= 1.0.0)",NA,"mockery, testthat",NA,"MIT + file LICENSE",NA,NA,NA,NA,"no","4.0.0"
"rvest","rvest","C:/Users/porte/OneDrive/Documents/trump_stock/packrat/lib/x86_64-w64-mingw32/4.0.0","0.3.5",NA,"R (>= 3.2), xml2","httr (>= 0.5), magrittr, selectr",NA,"covr, knitr, png, rmarkdown, spelling, stringi (>= 0.3.1),
testthat",NA,"GPL-3",NA,NA,NA,NA,"no","4.0.0"
"scales","scales","C:/Users/porte/OneDrive/Documents/trump_stock/packrat/lib/x86_64-w64-mingw32/4.0.0","1.1.0",NA,"R (>= 3.2)","farver (>= 2.0.0), labeling, munsell (>= 0.5), R6,
RColorBrewer, viridisLite, lifecycle",NA,"bit64, covr, dichromat, hms, testthat (>= 2.1.0), ggplot2",NA,"MIT + file LICENSE",NA,NA,NA,NA,"no","4.0.0"
"selectr","selectr","C:/Users/porte/OneDrive/Documents/trump_stock/packrat/lib/x86_64-w64-mingw32/4.0.0","0.4-2",NA,"R (>= 3.0)","methods, stringr, R6",NA,"testthat, XML, xml2",NA,"BSD_3_clause + file LICENCE",NA,NA,NA,NA,"no","4.0.0"
"sessioninfo","sessioninfo","C:/Users/porte/OneDrive/Documents/trump_stock/packrat/lib/x86_64-w64-mingw32/4.0.0","1.1.1",NA,NA,"cli, tools, utils, withr",NA,"callr, covr, mockery, testthat",NA,"GPL-2",NA,NA,NA,NA,"no","4.0.0"
"shape","shape","C:/Users/porte/OneDrive/Documents/trump_stock/packrat/lib/x86_64-w64-mingw32/4.0.0","1.4.4",NA,"R (>= 2.01)","stats, graphics, grDevices",NA,NA,NA,"GPL (>= 3)",NA,NA,NA,NA,"no","4.0.0"
"shiny","shiny","C:/Users/porte/OneDrive/Documents/trump_stock/packrat/lib/x86_64-w64-mingw32/4.0.0","1.4.0.2",NA,"R (>= 3.0.2), methods","utils, grDevices, httpuv (>= 1.5.2), mime (>= 0.3), jsonlite
(>= 0.9.16), xtable, digest, htmltools (>= 0.4.0), R6 (>= 2.0),
sourcetools, later (>= 1.0.0), promises (>= 1.1.0), tools,
crayon, rlang (>= 0.4.0), fastmap (>= 1.0.0)",NA,"datasets, Cairo (>= 1.5-5), testthat (>= 2.1.1), knitr (>=
1.6), markdown, rmarkdown, ggplot2, reactlog (>= 1.0.0),
magrittr, yaml",NA,"GPL-3 | file LICENSE",NA,NA,NA,NA,"no","4.0.0"
"slider","slider","C:/Users/porte/OneDrive/Documents/trump_stock/packrat/lib/x86_64-w64-mingw32/4.0.0","0.1.2",NA,"R (>= 3.2)","glue, rlang (>= 0.4.5), vctrs (>= 0.2.4), warp","vctrs (>= 0.2.4)","covr, dplyr (>= 0.8.3), knitr, lubridate, rmarkdown, testthat
(>= 2.1.0), xml2",NA,"MIT + file LICENSE",NA,NA,NA,NA,"yes","4.0.0"
"sourcetools","sourcetools","C:/Users/porte/OneDrive/Documents/trump_stock/packrat/lib/x86_64-w64-mingw32/4.0.0","0.1.7",NA,"R (>= 3.0.2)",NA,NA,"testthat",NA,"MIT + file LICENSE",NA,NA,NA,NA,"yes","4.0.0"
"spelling","spelling","C:/Users/porte/OneDrive/Documents/trump_stock/packrat/lib/x86_64-w64-mingw32/4.0.0","2.1",NA,NA,"commonmark, xml2, hunspell (>= 3.0), knitr",NA,"pdftools",NA,"MIT + file LICENSE",NA,NA,NA,NA,"no","4.0.0"
"SQUAREM","SQUAREM","C:/Users/porte/OneDrive/Documents/trump_stock/packrat/lib/x86_64-w64-mingw32/4.0.0","2020.2",NA,"R (>= 3.0)",NA,NA,"setRNG",NA,"GPL (>= 2)",NA,NA,NA,NA,"no","4.0.0"
"stringi","stringi","C:/Users/porte/OneDrive/Documents/trump_stock/packrat/lib/x86_64-w64-mingw32/4.0.0","1.4.6",NA,"R (>= 2.14)","tools, utils, stats",NA,NA,NA,"file LICENSE","yes",NA,NA,NA,"yes","4.0.0"
"stringr","stringr","C:/Users/porte/OneDrive/Documents/trump_stock/packrat/lib/x86_64-w64-mingw32/4.0.0","1.4.0",NA,"R (>= 3.1)","glue (>= 1.2.0), magrittr, stringi (>= 1.1.7)",NA,"covr, htmltools, htmlwidgets, knitr, rmarkdown, testthat",NA,"GPL-2 | file LICENSE",NA,NA,NA,NA,"no","4.0.0"
"sys","sys","C:/Users/porte/OneDrive/Documents/trump_stock/packrat/lib/x86_64-w64-mingw32/4.0.0","3.3",NA,NA,NA,NA,"unix (>= 1.4), spelling, testthat",NA,"MIT + file LICENSE",NA,NA,NA,NA,"yes","4.0.0"
"testthat","testthat","C:/Users/porte/OneDrive/Documents/trump_stock/packrat/lib/x86_64-w64-mingw32/4.0.0","2.3.2",NA,"R (>= 3.1)","cli, crayon (>= 1.3.4), digest, ellipsis, evaluate, magrittr,
methods, pkgload, praise, R6 (>= 2.2.0), rlang (>= 0.4.1),
withr (>= 2.0.0)",NA,"covr, curl (>= 0.9.5), devtools, knitr, rmarkdown, usethis,
vctrs (>= 0.1.0), xml2",NA,"MIT + file LICENSE",NA,NA,NA,NA,"yes","4.0.0"
"tibble","tibble","C:/Users/porte/OneDrive/Documents/trump_stock/packrat/lib/x86_64-w64-mingw32/4.0.0","3.0.1",NA,"R (>= 3.1.0)","cli, crayon (>= 1.3.4), ellipsis (>= 0.2.0), fansi (>= 0.4.0),
lifecycle (>= 0.2.0), magrittr, methods, pillar (>= 1.4.3),
pkgconfig, rlang (>= 0.4.3), utils, vctrs (>= 0.2.4)",NA,"bench, bit64, blob, covr, dplyr, evaluate, hms, htmltools,
import, knitr, mockr, nycflights13, purrr, rmarkdown, testthat
(>= 2.1.0), tidyr, withr",NA,"MIT + file LICENSE",NA,NA,NA,NA,"yes","4.0.0"
"tidyr","tidyr","C:/Users/porte/OneDrive/Documents/trump_stock/packrat/lib/x86_64-w64-mingw32/4.0.0","1.0.2",NA,"R (>= 3.1)","dplyr (>= 0.8.2), ellipsis (>= 0.1.0), glue, magrittr, purrr,
Rcpp, rlang, stringi, tibble (>= 2.1.1), tidyselect (>= 0.2.5),
utils, vctrs (>= 0.2.0), lifecycle","Rcpp","covr, jsonlite, knitr, repurrrsive (>= 1.0.0), rmarkdown,
readr, testthat (>= 2.1.0)",NA,"MIT + file LICENSE",NA,NA,NA,NA,"yes","4.0.0"
"tidyselect","tidyselect","C:/Users/porte/OneDrive/Documents/trump_stock/packrat/lib/x86_64-w64-mingw32/4.0.0","1.0.0",NA,"R (>= 3.2)","ellipsis, glue (>= 1.3.0), purrr (>= 0.3.2), rlang (>= 0.4.3),
vctrs (>= 0.2.2)",NA,"covr, crayon, dplyr, knitr, magrittr, rmarkdown, testthat (>=
2.3.0), tibble (>= 2.1.3), withr",NA,"GPL-3",NA,NA,NA,NA,"yes","4.0.0"
"tidyverse","tidyverse","C:/Users/porte/OneDrive/Documents/trump_stock/packrat/lib/x86_64-w64-mingw32/4.0.0","1.3.0",NA,"R (>= 3.2)","broom (>= 0.5.2), cli (>= 1.1.0), crayon (>= 1.3.4), dbplyr
(>= 1.4.2), dplyr (>= 0.8.3), forcats (>= 0.4.0), ggplot2 (>=
3.2.1), haven (>= 2.2.0), hms (>= 0.5.2), httr (>= 1.4.1),
jsonlite (>= 1.6), lubridate (>= 1.7.4), magrittr (>= 1.5),
modelr (>= 0.1.5), pillar (>= 1.4.2), purrr (>= 0.3.3), readr
(>= 1.3.1), readxl (>= 1.3.1), reprex (>= 0.3.0), rlang (>=
0.4.1), rstudioapi (>= 0.10), rvest (>= 0.3.5), stringr (>=
1.4.0), tibble (>= 2.1.3), tidyr (>= 1.0.0), xml2 (>= 1.2.2)",NA,"covr, feather, glue, knitr, rmarkdown, testthat",NA,"GPL-3 | file LICENSE",NA,NA,NA,NA,"no","4.0.0"
"timeDate","timeDate","C:/Users/porte/OneDrive/Documents/trump_stock/packrat/lib/x86_64-w64-mingw32/4.0.0","3043.102",NA,"R (>= 2.15.1), graphics, utils, stats, methods",NA,NA,"date, RUnit",NA,"GPL (>= 2)",NA,NA,NA,NA,"no","4.0.0"
"tinytex","tinytex","C:/Users/porte/OneDrive/Documents/trump_stock/packrat/lib/x86_64-w64-mingw32/4.0.0","0.22",NA,NA,"xfun (>= 0.5)",NA,"testit, rstudioapi",NA,"MIT + file LICENSE",NA,NA,NA,NA,"no","4.0.0"
"tseries","tseries","C:/Users/porte/OneDrive/Documents/trump_stock/packrat/lib/x86_64-w64-mingw32/4.0.0","0.10-47",NA,"R (>= 2.10.0)","graphics, stats, utils, quadprog, zoo, quantmod (>= 0.4-9)",NA,NA,NA,"GPL-2",NA,NA,NA,NA,"yes","4.0.0"
"tsibble","tsibble","C:/Users/porte/OneDrive/Documents/trump_stock/packrat/lib/x86_64-w64-mingw32/4.0.0","0.8.6",NA,"R (>= 3.2.0)","anytime (>= 0.3.1), dplyr (>= 0.8.1), lifecycle, lubridate (>=
1.7.0), purrr (>= 0.2.3), rlang (>= 0.2.0), tibble (>= 2.0.1),
tidyselect, vctrs (>= 0.2.0)",NA,"covr, crayon, furrr, ggplot2 (>= 2.2.0), hms, knitr,
nanotime, nycflights13 (>= 1.0.0), pillar (>= 1.0.1),
rmarkdown, spelling, testthat, tidyr (>= 1.0.0), timeDate",NA,"GPL-3",NA,NA,NA,NA,"no","4.0.0"
"tsibbledata","tsibbledata","C:/Users/porte/OneDrive/Documents/trump_stock/packrat/lib/x86_64-w64-mingw32/4.0.0","0.1.0",NA,"R (>= 3.1.3)","tsibble (>= 0.8.0)",NA,"ggplot2",NA,"GPL-3",NA,NA,NA,NA,"no","4.0.0"
"tsModel","tsModel","C:/Users/porte/OneDrive/Documents/trump_stock/packrat/lib/x86_64-w64-mingw32/4.0.0","0.6",NA,"R (>= 3.0.0)","splines, stats",NA,"gam",NA,"GPL (>= 2)",NA,NA,NA,NA,"no","4.0.0"
"TTR","TTR","C:/Users/porte/OneDrive/Documents/trump_stock/packrat/lib/x86_64-w64-mingw32/4.0.0","0.23-6",NA,NA,"xts (>= 0.10-0), zoo, curl","xts","RUnit","quantmod","GPL (>= 2)",NA,NA,NA,NA,"yes","4.0.0"
"urca","urca","C:/Users/porte/OneDrive/Documents/trump_stock/packrat/lib/x86_64-w64-mingw32/4.0.0","1.3-0",NA,"R (>= 2.0.0), methods","nlme, graphics, stats",NA,NA,NA,"GPL (>= 2)",NA,NA,NA,NA,"yes","4.0.0"
"usethis","usethis","C:/Users/porte/OneDrive/Documents/trump_stock/packrat/lib/x86_64-w64-mingw32/4.0.0","1.6.1",NA,"R (>= 3.2)","clipr (>= 0.3.0), cli, crayon, curl (>= 2.7), desc, fs (>=
1.3.0), gh (>= 1.1.0), git2r (>= 0.23), glue (>= 1.3.0), purrr,
rematch2, rlang (>= 0.4.3), rprojroot (>= 1.2), rstudioapi,
stats, utils, whisker, withr, yaml",NA,"covr, knitr, magick, pkgdown (>= 1.4.0), rmarkdown, roxygen2,
spelling (>= 1.2), styler (>= 1.2.0), testthat (>= 2.1.0)",NA,"GPL-3",NA,NA,NA,NA,"no","4.0.0"
"utf8","utf8","C:/Users/porte/OneDrive/Documents/trump_stock/packrat/lib/x86_64-w64-mingw32/4.0.0","1.1.4",NA,"R (>= 2.10)",NA,NA,"knitr, rmarkdown, testthat",NA,"Apache License (== 2.0) | file LICENSE",NA,NA,NA,NA,"yes","4.0.0"
"uuid","uuid","C:/Users/porte/OneDrive/Documents/trump_stock/packrat/lib/x86_64-w64-mingw32/4.0.0","0.1-4",NA,"R (>= 2.9.0)",NA,NA,NA,NA,"MIT + file LICENSE",NA,NA,NA,NA,"yes","4.0.0"
"vctrs","vctrs","C:/Users/porte/OneDrive/Documents/trump_stock/packrat/lib/x86_64-w64-mingw32/4.0.0","0.2.4",NA,"R (>= 3.2)","ellipsis (>= 0.2.0), digest, glue, rlang (>= 0.4.5)",NA,"bit64, covr, crayon, generics, knitr, pillar (>= 1.4.1),
pkgdown, rmarkdown, testthat (>= 2.3.0), tibble, xml2, zeallot",NA,"GPL-3",NA,NA,NA,NA,"yes","4.0.0"
"viridisLite","viridisLite","C:/Users/porte/OneDrive/Documents/trump_stock/packrat/lib/x86_64-w64-mingw32/4.0.0","0.3.0",NA,"R (>= 2.10)",NA,NA,"hexbin (>= 1.27.0), ggplot2 (>= 1.0.1), testthat, covr",NA,"MIT + file LICENSE",NA,NA,NA,NA,"no","4.0.0"
"warp","warp","C:/Users/porte/OneDrive/Documents/trump_stock/packrat/lib/x86_64-w64-mingw32/4.0.0","0.1.0",NA,"R (>= 3.2)",NA,NA,"covr, testthat (>= 2.1.0), knitr, rmarkdown",NA,"MIT + file LICENSE",NA,NA,NA,NA,"yes","4.0.0"
"whisker","whisker","C:/Users/porte/OneDrive/Documents/trump_stock/packrat/lib/x86_64-w64-mingw32/4.0.0","0.4",NA,NA,NA,NA,"markdown",NA,"GPL-3",NA,NA,NA,NA,"no","4.0.0"
"withr","withr","C:/Users/porte/OneDrive/Documents/trump_stock/packrat/lib/x86_64-w64-mingw32/4.0.0","2.2.0",NA,"R (>= 3.2.0)","graphics, grDevices, stats",NA,"covr, DBI, knitr, lattice, methods, rmarkdown, RSQLite,
testthat (>= 2.1.0)",NA,"GPL (>= 2)",NA,NA,NA,NA,"no","4.0.0"
"xfun","xfun","C:/Users/porte/OneDrive/Documents/trump_stock/packrat/lib/x86_64-w64-mingw32/4.0.0","0.13",NA,NA,"stats, tools",NA,"testit, parallel, rstudioapi, tinytex, mime, markdown, knitr,
htmltools, base64enc, remotes, rmarkdown",NA,"MIT + file LICENSE",NA,NA,NA,NA,"no","4.0.0"
"xml2","xml2","C:/Users/porte/OneDrive/Documents/trump_stock/packrat/lib/x86_64-w64-mingw32/4.0.0","1.3.1",NA,"R (>= 3.1.0)","methods",NA,"covr, curl, httr, knitr, magrittr, mockery, rmarkdown,
testthat (>= 2.1.0)",NA,"GPL (>= 2)",NA,NA,NA,NA,"yes","4.0.0"
"xopen","xopen","C:/Users/porte/OneDrive/Documents/trump_stock/packrat/lib/x86_64-w64-mingw32/4.0.0","1.0.0",NA,"R (>= 3.1)","processx",NA,"ps, testthat",NA,"MIT + file LICENSE",NA,NA,NA,NA,"no","4.0.0"
"xtable","xtable","C:/Users/porte/OneDrive/Documents/trump_stock/packrat/lib/x86_64-w64-mingw32/4.0.0","1.8-4",NA,"R (>= 2.10.0)","stats, utils",NA,"knitr, plm, zoo, survival",NA,"GPL (>= 2)",NA,NA,NA,NA,"no","4.0.0"
"xts","xts","C:/Users/porte/OneDrive/Documents/trump_stock/packrat/lib/x86_64-w64-mingw32/4.0.0","0.12-0",NA,"zoo (>= 1.7-12)","methods","zoo","timeSeries, timeDate, tseries, chron, fts, tis, RUnit",NA,"GPL (>= 2)",NA,NA,NA,NA,"yes","4.0.0"
"yaml","yaml","C:/Users/porte/OneDrive/Documents/trump_stock/packrat/lib/x86_64-w64-mingw32/4.0.0","2.2.1",NA,NA,NA,NA,"RUnit",NA,"BSD_3_clause + file LICENSE",NA,NA,NA,NA,"yes","4.0.0"
"zoo","zoo","C:/Users/porte/OneDrive/Documents/trump_stock/packrat/lib/x86_64-w64-mingw32/4.0.0","1.8-7",NA,"R (>= 3.1.0), stats","utils, graphics, grDevices, lattice (>= 0.20-27)",NA,"AER, coda, chron, fts, ggplot2 (>= 3.0.0), mondate, scales,
strucchange, timeDate, timeSeries, tis, tseries, xts",NA,"GPL-2 | GPL-3",NA,NA,NA,NA,"yes","4.0.0"
"base","base","C:/Users/porte/OneDrive/Documents/trump_stock/packrat/lib-R/x86_64-w64-mingw32/4.0.0","4.0.0","base",NA,NA,NA,"methods",NA,"Part of R 4.0.0",NA,NA,NA,NA,NA,"4.0.0"
"boot","boot","C:/Users/porte/OneDrive/Documents/trump_stock/packrat/lib-R/x86_64-w64-mingw32/4.0.0","1.3-24","recommended","R (>= 3.0.0), graphics, stats",NA,NA,"MASS, survival",NA,"Unlimited",NA,NA,NA,NA,"no","4.0.0"
"class","class","C:/Users/porte/OneDrive/Documents/trump_stock/packrat/lib-R/x86_64-w64-mingw32/4.0.0","7.3-16","recommended","R (>= 3.0.0), stats, utils","MASS",NA,NA,NA,"GPL-2 | GPL-3",NA,NA,NA,NA,"yes","4.0.0"
"cluster","cluster","C:/Users/porte/OneDrive/Documents/trump_stock/packrat/lib-R/x86_64-w64-mingw32/4.0.0","2.1.0","recommended","R (>= 3.3.0)","graphics, grDevices, stats, utils",NA,"MASS, Matrix",NA,"GPL (>= 2)",NA,NA,NA,NA,"yes","4.0.0"
"codetools","codetools","C:/Users/porte/OneDrive/Documents/trump_stock/packrat/lib-R/x86_64-w64-mingw32/4.0.0","0.2-16","recommended","R (>= 2.1)",NA,NA,NA,NA,"GPL",NA,NA,NA,NA,"no","4.0.0"
"compiler","compiler","C:/Users/porte/OneDrive/Documents/trump_stock/packrat/lib-R/x86_64-w64-mingw32/4.0.0","4.0.0","base",NA,NA,NA,NA,NA,"Part of R 4.0.0",NA,NA,NA,NA,NA,"4.0.0"
"datasets","datasets","C:/Users/porte/OneDrive/Documents/trump_stock/packrat/lib-R/x86_64-w64-mingw32/4.0.0","4.0.0","base",NA,NA,NA,NA,NA,"Part of R 4.0.0",NA,NA,NA,NA,NA,"4.0.0"
"foreign","foreign","C:/Users/porte/OneDrive/Documents/trump_stock/packrat/lib-R/x86_64-w64-mingw32/4.0.0","0.8-78","recommended","R (>= 4.0.0)","methods, utils, stats",NA,NA,NA,"GPL (>= 2)",NA,NA,NA,NA,"yes","4.0.0"
"graphics","graphics","C:/Users/porte/OneDrive/Documents/trump_stock/packrat/lib-R/x86_64-w64-mingw32/4.0.0","4.0.0","base",NA,"grDevices",NA,NA,NA,"Part of R 4.0.0",NA,NA,NA,NA,"yes","4.0.0"
"grDevices","grDevices","C:/Users/porte/OneDrive/Documents/trump_stock/packrat/lib-R/x86_64-w64-mingw32/4.0.0","4.0.0","base",NA,NA,NA,"KernSmooth",NA,"Part of R 4.0.0",NA,NA,NA,NA,"yes","4.0.0"
"grid","grid","C:/Users/porte/OneDrive/Documents/trump_stock/packrat/lib-R/x86_64-w64-mingw32/4.0.0","4.0.0","base",NA,"grDevices, utils",NA,"lattice",NA,"Part of R 4.0.0",NA,NA,NA,NA,"yes","4.0.0"
"KernSmooth","KernSmooth","C:/Users/porte/OneDrive/Documents/trump_stock/packrat/lib-R/x86_64-w64-mingw32/4.0.0","2.23-16","recommended","R (>= 2.5.0), stats",NA,NA,"MASS",NA,"Unlimited",NA,NA,NA,NA,"yes","4.0.0"
"lattice","lattice","C:/Users/porte/OneDrive/Documents/trump_stock/packrat/lib-R/x86_64-w64-mingw32/4.0.0","0.20-41","recommended","R (>= 3.0.0)","grid, grDevices, graphics, stats, utils",NA,"KernSmooth, MASS, latticeExtra","chron","GPL (>= 2)",NA,NA,NA,NA,"yes","4.0.0"
"MASS","MASS","C:/Users/porte/OneDrive/Documents/trump_stock/packrat/lib-R/x86_64-w64-mingw32/4.0.0","7.3-51.5","recommended","R (>= 3.1.0), grDevices, graphics, stats, utils","methods",NA,"lattice, nlme, nnet, survival",NA,"GPL-2 | GPL-3",NA,NA,NA,NA,"yes","4.0.0"
"Matrix","Matrix","C:/Users/porte/OneDrive/Documents/trump_stock/packrat/lib-R/x86_64-w64-mingw32/4.0.0","1.2-18","recommended","R (>= 3.2.0)","methods, graphics, grid, stats, utils, lattice",NA,"expm, MASS","MatrixModels, graph, SparseM, sfsmisc","GPL (>= 2) | file LICENCE",NA,NA,NA,NA,"yes","4.0.0"
"methods","methods","C:/Users/porte/OneDrive/Documents/trump_stock/packrat/lib-R/x86_64-w64-mingw32/4.0.0","4.0.0","base",NA,"utils, stats",NA,"codetools",NA,"Part of R 4.0.0",NA,NA,NA,NA,"yes","4.0.0"
"mgcv","mgcv","C:/Users/porte/OneDrive/Documents/trump_stock/packrat/lib-R/x86_64-w64-mingw32/4.0.0","1.8-31","recommended","R (>= 2.14.0), nlme (>= 3.1-64)","methods, stats, graphics, Matrix, splines, utils",NA,"parallel, survival, MASS",NA,"GPL (>= 2)",NA,NA,NA,NA,"yes","4.0.0"
"nlme","nlme","C:/Users/porte/OneDrive/Documents/trump_stock/packrat/lib-R/x86_64-w64-mingw32/4.0.0","3.1-147","recommended","R (>= 3.4.0)","graphics, stats, utils, lattice",NA,"Hmisc, MASS",NA,"GPL (>= 2) | file LICENCE",NA,NA,NA,NA,"yes","4.0.0"
"nnet","nnet","C:/Users/porte/OneDrive/Documents/trump_stock/packrat/lib-R/x86_64-w64-mingw32/4.0.0","7.3-13","recommended","R (>= 3.0.0), stats, utils",NA,NA,"MASS",NA,"GPL-2 | GPL-3",NA,NA,NA,NA,"yes","4.0.0"
"parallel","parallel","C:/Users/porte/OneDrive/Documents/trump_stock/packrat/lib-R/x86_64-w64-mingw32/4.0.0","4.0.0","base",NA,"tools, compiler",NA,"methods","snow, nws, Rmpi","Part of R 4.0.0",NA,NA,NA,NA,"yes","4.0.0"
"rpart","rpart","C:/Users/porte/OneDrive/Documents/trump_stock/packrat/lib-R/x86_64-w64-mingw32/4.0.0","4.1-15","recommended","R (>= 2.15.0), graphics, stats, grDevices",NA,NA,"survival",NA,"GPL-2 | GPL-3",NA,NA,NA,NA,"yes","4.0.0"
"spatial","spatial","C:/Users/porte/OneDrive/Documents/trump_stock/packrat/lib-R/x86_64-w64-mingw32/4.0.0","7.3-11","recommended","R (>= 3.0.0), graphics, stats, utils",NA,NA,"MASS",NA,"GPL-2 | GPL-3",NA,NA,NA,NA,"yes","4.0.0"
"splines","splines","C:/Users/porte/OneDrive/Documents/trump_stock/packrat/lib-R/x86_64-w64-mingw32/4.0.0","4.0.0","base",NA,"graphics, stats",NA,"Matrix, methods",NA,"Part of R 4.0.0",NA,NA,NA,NA,"yes","4.0.0"
"stats","stats","C:/Users/porte/OneDrive/Documents/trump_stock/packrat/lib-R/x86_64-w64-mingw32/4.0.0","4.0.0","base",NA,"utils, grDevices, graphics",NA,"MASS, Matrix, SuppDists, methods, stats4",NA,"Part of R 4.0.0",NA,NA,NA,NA,"yes","4.0.0"
"stats4","stats4","C:/Users/porte/OneDrive/Documents/trump_stock/packrat/lib-R/x86_64-w64-mingw32/4.0.0","4.0.0","base",NA,"graphics, methods, stats",NA,NA,NA,"Part of R 4.0.0",NA,NA,NA,NA,NA,"4.0.0"
"survival","survival","C:/Users/porte/OneDrive/Documents/trump_stock/packrat/lib-R/x86_64-w64-mingw32/4.0.0","3.1-12","recommended","R (>= 3.4.0)","graphics, Matrix, methods, splines, stats, utils",NA,NA,NA,"LGPL (>= 2)",NA,NA,NA,NA,"yes","4.0.0"
"tcltk","tcltk","C:/Users/porte/OneDrive/Documents/trump_stock/packrat/lib-R/x86_64-w64-mingw32/4.0.0","4.0.0","base",NA,"utils",NA,NA,NA,"Part of R 4.0.0",NA,NA,NA,NA,"yes","4.0.0"
"tools","tools","C:/Users/porte/OneDrive/Documents/trump_stock/packrat/lib-R/x86_64-w64-mingw32/4.0.0","4.0.0","base",NA,NA,NA,"codetools, methods, xml2, curl, commonmark",NA,"Part of R 4.0.0",NA,NA,NA,NA,"yes","4.0.0"
"utils","utils","C:/Users/porte/OneDrive/Documents/trump_stock/packrat/lib-R/x86_64-w64-mingw32/4.0.0","4.0.0","base",NA,NA,NA,"methods, xml2, commonmark",NA,"Part of R 4.0.0",NA,NA,NA,NA,"yes","4.0.0"
